{
  "attack": [ 0.64, 0.766887, 0.814786, 1.125528, 1.181478, 1.238569, 1.296802, 1.373344, 1.416696, 1.46011, 1.60824, 1.756371, 1.904501, 2.052631, 2.200761, 2.348891, 2.497022, 2.645152, 2.793282, 2.941412, 3.19152, 3.441627, 3.691735, 3.941842, 4.19195, 4.442057, 4.692165, 4.942272, 5.19238, 5.442487, 5.761692, 6.080898, 6.400103, 6.719308, 7.038513, 7.357718, 7.676923, 7.996129, 8.315334, 8.634539, 9.071262, 9.507986, 9.944709, 10.381433, 10.818156, 11.25488, 11.691603, 12.128327, 12.56505, 13.001774, 13.581057, 14.16034, 14.739623, 15.318906, 15.898189, 16.477472, 17.056755, 17.636038, 18.215321, 18.794605, 19.336283, 19.877961, 20.41964, 20.961318, 21.502996, 22.044675, 22.586353, 23.128032, 23.66971, 24.211388, 24.858698, 25.506008, 26.153318, 26.800628, 27.447938, 28.095248, 28.742558, 29.389868, 30.037178, 30.684488, 31.298178, 31.911868, 32.525558, 33.139247, 33.752937, 34.366627, 34.980317, 35.594006, 36.207696, 36.821386, 37.435076, 38.048765, 38.662455, 39.276145, 39.889835, 40.503525, 41.117214, 41.730904, 42.344594, 42.958284 ],
  "defense": [ 1, 1.047619, 1.095238, 1.142857, 1.190476, 1.238095, 1.285714, 1.333333, 1.380952, 1.428571, 1.47619, 1.52381, 1.571429, 1.619048, 1.666667, 1.714286, 1.761905, 1.809524, 1.857143, 1.904762, 1.952381, 2, 2.047619, 2.095238, 2.142857, 2.190476, 2.238095, 2.285714, 2.333333, 2.380952, 2.428571, 2.47619, 2.52381, 2.571429, 2.619048, 2.666667, 2.714286, 2.761905, 2.809524, 2.857143, 2.904762, 2.952381, 3, 3.047619, 3.095238, 3.142857, 3.190476, 3.238095, 3.285714, 3.333333, 3.380952, 3.428571, 3.47619, 3.52381, 3.571429, 3.619048, 3.666667, 3.714286, 3.761905, 3.809524, 3.857143, 3.904762, 3.952381, 4, 4.047619, 4.095238, 4.142857, 4.190476, 4.238095, 4.285714, 4.333333, 4.380952, 4.428571, 4.47619, 4.52381, 4.571429, 4.619048, 4.666667, 4.714286, 4.761905, 4.809524, 4.857143, 4.904762, 4.952381, 5, 5.047619, 5.095238, 5.142857, 5.190476, 5.238095, 5.285714, 5.333333, 5.380952, 5.428571, 5.47619, 5.52381, 5.571429, 5.619048, 5.666667, 5.714286 ],
  "hp": [ 0.8, 1.05, 1.1, 1.362518, 1.428762, 1.496191, 1.564808, 1.634615, 1.705617, 1.777814, 1.902566, 2.027318, 2.15207, 2.276821, 2.401573, 2.526325, 2.651077, 2.775828, 2.90058, 3.025332, 3.24706, 3.468788, 3.690516, 3.912244, 4.133972, 4.355701, 4.577429, 4.799157, 5.020885, 5.242613, 5.67081, 6.099006, 6.527203, 6.9554, 7.383597, 7.811794, 8.23999, 8.668187, 9.096384, 9.524581, 10.786134, 12.047688, 13.309242, 14.570795, 15.832349, 17.093903, 18.355456, 19.61701, 20.878564, 22.140117, 25.19852, 28.256923, 31.315326, 34.37373, 37.432132, 40.490535, 43.548938, 46.60734, 49.665744, 52.724147, 56.95045, 61.17675, 65.40305, 69.629355, 73.85566, 78.08196, 82.30826, 86.53456, 90.760865, 94.98717, 100.28955, 105.59194, 110.894324, 116.19671, 121.499095, 126.80148, 132.103867, 137.406253, 142.70864, 148.011024, 155.48743, 163.240467, 171.280364, 179.61774, 188.2636, 197.229347, 206.526833, 216.168326, 226.166554, 236.534716, 247.2865, 258.4361, 269.998237, 281.988172, 294.421734, 307.315339, 320.686, 334.5514, 348.9298, 363.8402 ],
  "speed": [ 1, 1, 1, 1, 1, 1, 1, 1, 1, 1, 1, 1, 1, 1, 1, 1, 1, 1, 1, 1, 1, 1, 1, 1, 1, 1, 1, 1, 1, 1, 1, 1, 1, 1, 1, 1, 1, 1, 1, 1, 1, 1, 1, 1, 1, 1, 1, 1, 1, 1, 1, 1, 1, 1, 1, 1, 1, 1, 1, 1, 1, 1, 1, 1, 1, 1.1, 1.1, 1.1, 1.1, 1.1, 1.1, 1.1, 1.1, 1.1, 1.1, 1.1, 1.1, 1.2, 1.2, 1.2, 1.2, 1.2, 1.2, 1.2, 1.2, 1.32, 1.32, 1.32, 1.32, 1.32, 1.32, 1.32, 1.32, 1.32, 1.32, 1.32, 1.32, 1.32, 1.32, 1.32 ],
  "effHitRate": [ 0, 0, 0, 0, 0, 0, 0, 0, 0, 0, 0, 0, 0, 0, 0, 0, 0, 0, 0, 0, 0, 0, 0, 0, 0, 0, 0, 0, 0, 0, 0, 0, 0, 0, 0, 0, 0, 0, 0, 0, 0, 0, 0, 0, 0, 0, 0, 0, 0, 0, 0.008, 0.016, 0.024, 0.032, 0.04, 0.048, 0.056, 0.064, 0.072, 0.08, 0.088, 0.096, 0.104, 0.112, 0.12, 0.128, 0.136, 0.144, 0.152, 0.16, 0.168, 0.176, 0.184, 0.192, 0.2, 0.208, 0.216, 0.224, 0.232, 0.24, 0.248, 0.256, 0.264, 0.272, 0.28, 0.288, 0.296, 0.304, 0.312, 0.32, 0.328, 0.336, 0.344, 0.352, 0.36, 0.368, 0.376, 0.384, 0.392, 0.4 ],
  "effRes": [ 0, 0, 0, 0, 0, 0, 0, 0, 0, 0, 0, 0, 0, 0, 0, 0, 0, 0, 0, 0, 0, 0, 0, 0, 0, 0, 0, 0, 0, 0, 0, 0, 0, 0, 0, 0, 0, 0, 0, 0, 0, 0, 0, 0, 0, 0, 0, 0, 0, 0, 0.005, 0.01, 0.015, 0.02, 0.025, 0.03, 0.035, 0.04, 0.045, 0.05, 0.055, 0.06, 0.065, 0.07, 0.075, 0.08, 0.085, 0.09, 0.095, 0.1, 0.105, 0.11, 0.115, 0.12, 0.125, 0.13, 0.135, 0.14, 0.145, 0.15, 0.155, 0.16, 0.165, 0.17, 0.175, 0.18, 0.185, 0.19, 0.195, 0.2, 0.205, 0.21, 0.215, 0.22, 0.225, 0.23, 0.235, 0.24, 0.245, 0.25 ]
}