{
  "attack": [
    0.64,
    0.766887,
    0.814786,
    1.125528,
    1.181478,
    1.238569,
    1.296802,
    1.373344,
    1.416696,
    1.46011,
    1.60824,
    1.756371,
    1.904501,
    2.052631,
    2.200761,
    2.348891,
    2.497022,
    2.645152,
    2.793282,
    2.941412,
    3.19152,
    3.441627,
    3.691735,
    3.941842,
    4.19195,
    4.442057,
    4.692165,
    4.942272,
    5.19238,
    5.442487,
    5.761692,
    6.080898,
    6.400103,
    6.719308,
    7.038513,
    7.357718,
    7.676923,
    7.996129,
    8.315334,
    8.634539,
    9.071262,
    9.507986,
    9.944709,
    10.381433,
    10.818156,
    11.25488,
    11.691603,
    12.128327,
    12.56505,
    13.001774,
    13.581057,
    14.16034,
    14.739623,
    15.318906,
    15.898189,
    16.477471742170273,
    17.05675473281663,
    17.636037723695814,
    18.21532,
    18.794604705927444,
    19.336282697202613,
    19.87796,
    20.41964,
    20.96131767219987,
    21.50299566417353,
    22.044674654757802,
    22.5863526462658,
    23.12803163685008,
    23.66971,
    24.21138762103023,
    24.85869761125047,
    25.506007599840895,
    26.153317589828305,
    26.800627580747037,
    27.447937570035954,
    28.09524755932487,
    28.742557550243607,
    29.389867539532524,
    30.03717752882144,
    30.684487519740173,
    31.298177509205477,
    31.91186750099909,
    32.525557490464394,
    33.1392464799221,
    33.752936471715714,
    34.36662646118101,
    34.980316452276135,
    35.59400544173384,
    36.207695432596125,
    36.82138542369125,
    37.435075413156554,
    38.04876440331275,
    38.66245439440787,
    39.276144383873174,
    39.889834374968295,
    40.50352436513209,
    41.11721335458979,
    41.73090334638341,
    42.344593336547206,
    42.95828332694383
  ],
  "defense": [
    1,
    1.047619,
    1.095238,
    1.142857,
    1.190476,
    1.238095,
    1.285714,
    1.333333,
    1.380952,
    1.428571,
    1.47619,
    1.52381,
    1.571429,
    1.619048,
    1.666667,
    1.714286,
    1.761905,
    1.809524,
    1.857143,
    1.904762,
    1.952381,
    2,
    2.047619,
    2.095238,
    2.142857,
    2.190476,
    2.238095,
    2.285714,
    2.333333,
    2.380952,
    2.428571,
    2.47619,
    2.52381,
    2.571429,
    2.619048,
    2.666667,
    2.714286,
    2.761905,
    2.809524,
    2.857143,
    2.904762,
    2.952381,
    3,
    3.047619,
    3.095238,
    3.142857,
    3.190476,
    3.238095,
    3.285714,
    3.333333,
    3.380952,
    3.428571,
    3.47619,
    3.52381,
    3.571429,
    3.619048,
    3.666667,
    3.714286,
    3.761905,
    3.809524,
    3.857143,
    3.904762,
    3.952381,
    4,
    4.047619,
    4.095238,
    4.142857,
    4.190476,
    4.238095,
    4.285714,
    4.333333,
    4.380952,
    4.428571,
    4.47619,
    4.52381,
    4.571429,
    4.619048,
    4.666667,
    4.714286,
    4.761905,
    4.809524,
    4.857143,
    4.904762,
    4.952381,
    5,
    5.047619,
    5.095238,
    5.142857,
    5.190476,
    5.238095,
    5.285714,
    5.333333,
    5.380952,
    5.428571,
    5.47619,
    5.52381,
    5.571429,
    5.619048,
    5.666667,
    5.714286
  ],
  "hp": [
    0.8,
    1.05,
    1.1,
    1.362518,
    1.428762,
    1.496191,
    1.564808,
    1.634615,
    1.705617,
    1.777814,
    1.902566,
    2.027318,
    2.15207,
    2.276821,
    2.401573,
    2.526325,
    2.651077,
    2.775828,
    2.90058,
    3.025332,
    3.24706,
    3.468788,
    3.690516,
    3.912244,
    4.133972,
    4.355701,
    4.577429,
    4.799157,
    5.020885,
    5.242613,
    5.67081,
    6.099006,
    6.527203,
    6.9554,
    7.383597,
    7.811794,
    8.23999,
    8.668187,
    9.096384,
    9.524581,
    10.786134,
    12.047688,
    13.309242,
    14.570795,
    15.832349,
    17.09390273220762,
    18.355455712602843,
    19.61701,
    20.878563673408486,
    22.140116652872386,
    25.19852,
    28.2569225571181,
    31.31532550889171,
    34.37373,
    37.43213,
    40.49053436560953,
    43.54893731738314,
    46.60734,
    49.66574322162886,
    52.72414617340247,
    56.95045,
    61.17675,
    65.40305,
    69.62935390785391,
    73.85565584222347,
    78.08196,
    82.30826,
    86.53456,
    90.76086,
    94.98716551034599,
    100.28955,
    105.59194,
    110.89432,
    116.19671,
    121.49909,
    126.80148,
    132.10386492776112,
    137.40625,
    142.70863676121286,
    148.01102,
    155.48743,
    163.24046443921196,
    171.28036,
    179.61773518202955,
    188.26359,
    197.2293439049618,
    206.52683,
    216.1683226076008,
    226.16655,
    236.53471,
    247.2865,
    258.4361,
    269.9982327636283,
    281.9881675756615,
    294.4217293805878,
    307.3153341776533,
    320.686,
    334.5513827511035,
    348.92978452551995,
    363.8402
  ],
  "speed": [
    1,
    1,
    1,
    1,
    1,
    1,
    1,
    1,
    1,
    1,
    1,
    1,
    1,
    1,
    1,
    1,
    1,
    1,
    1,
    1,
    1,
    1,
    1,
    1,
    1,
    1,
    1,
    1,
    1,
    1,
    1,
    1,
    1,
    1,
    1,
    1,
    1,
    1,
    1,
    1,
    1,
    1,
    1,
    1,
    1,
    1,
    1,
    1,
    1,
    1,
    1,
    1,
    1,
    1,
    1,
    1,
    1,
    1,
    1,
    1,
    1,
    1,
    1,
    1,
    1,
    1.1,
    1.1,
    1.1,
    1.1,
    1.1,
    1.1,
    1.1,
    1.1,
    1.1,
    1.1,
    1.1,
    1.1,
    1.2,
    1.2,
    1.2,
    1.2,
    1.2,
    1.2,
    1.2,
    1.2,
    1.32,
    1.32,
    1.32,
    1.32,
    1.32,
    1.32,
    1.32,
    1.32,
    1.32,
    1.32,
    1.32,
    1.32,
    1.32,
    1.32,
    1.32
  ]
}