{
  "attack": [
    0.64,
    0.766887,
    0.814786,
    1.125528,
    1.181478,
    1.238569,
    1.296802,
    1.373344,
    1.416696,
    1.46011,
    1.60824,
    1.756371,
    1.904501,
    2.052631,
    2.200761,
    2.348891,
    2.497022,
    2.645152,
    2.793282,
    2.941412,
    3.19152,
    3.441627,
    3.691735,
    3.941842,
    4.19195,
    4.442057,
    4.692165,
    4.942272,
    5.19238,
    5.442487,
    5.761692,
    6.080898,
    6.400103,
    6.719308,
    7.038513,
    7.357718,
    7.676923,
    7.996129,
    8.315334,
    8.634539,
    9.071262,
    9.507986,
    9.944709,
    10.381433,
    10.818156,
    11.25488,
    11.691603,
    12.128327,
    12.56505,
    13.001774,
    13.581057,
    14.16034,
    14.739623,
    15.318906,
    15.898189,
    16.477472,
    17.056755,
    17.636038,
    18.215321,
    18.794605,
    19.336283,
    19.877961,
    20.41964,
    20.961318,
    21.502996,
    22.044675,
    22.586353,
    23.128032,
    23.66971,
    24.211388,
    24.858698,
    25.506008,
    26.153318,
    26.800628,
    27.447938,
    28.095248,
    28.742558,
    29.389868,
    30.037178,
    30.684488,
    31.298178,
    31.911868,
    32.525558000896126,
    33.13924699998461,
    33.75293700140901,
    34.366627000505105,
    34.980317001231015,
    35.594006000319496,
    36.207696000812575,
    36.821386001538485,
    37.43507600063458,
    38.048765000421554,
    38.662455001147464,
    39.27614500024356,
    39.88983500096947,
    40.50352500076406,
    41.11721399985254,
    41.73090400127694,
    42.34459400107153,
    42.958284001098946
  ],
  "defense": [
    1,
    1.047619,
    1.095238,
    1.142857,
    1.190476,
    1.238095,
    1.285714,
    1.333333,
    1.380952,
    1.428571,
    1.47619,
    1.52381,
    1.571429,
    1.619048,
    1.666667,
    1.714286,
    1.761905,
    1.809524,
    1.857143,
    1.904762,
    1.952381,
    2,
    2.047619,
    2.095238,
    2.142857,
    2.190476,
    2.238095,
    2.285714,
    2.333333,
    2.380952,
    2.428571,
    2.47619,
    2.52381,
    2.571429,
    2.619048,
    2.666667,
    2.714286,
    2.761905,
    2.809524,
    2.857143,
    2.904762,
    2.952381,
    3,
    3.047619,
    3.095238,
    3.142857,
    3.190476,
    3.238095,
    3.285714,
    3.333333,
    3.380952,
    3.428571,
    3.47619,
    3.52381,
    3.571429,
    3.619048,
    3.666667,
    3.714286,
    3.761905,
    3.809524,
    3.857143,
    3.904762,
    3.952381,
    4,
    4.047619,
    4.095238,
    4.142857,
    4.190476,
    4.238095,
    4.285714,
    4.333333,
    4.380952,
    4.428571,
    4.47619,
    4.52381,
    4.571429,
    4.619048,
    4.666667,
    4.714286,
    4.761905,
    4.809524,
    4.857143,
    4.904762,
    4.952381,
    5,
    5.047619,
    5.095238,
    5.142857,
    5.190476,
    5.238095,
    5.285714,
    5.333333,
    5.380952,
    5.428571,
    5.47619,
    5.52381,
    5.571429,
    5.619048,
    5.666667,
    5.714286
  ],
  "hp": [
    0.8,
    1.05,
    1.1,
    1.362518,
    1.428762,
    1.496191,
    1.564808,
    1.634615,
    1.705617,
    1.777814,
    1.902566,
    2.027318,
    2.15207,
    2.276821,
    2.401573,
    2.526325,
    2.651077,
    2.775828,
    2.90058,
    3.025332,
    3.24706,
    3.468788,
    3.690516,
    3.912244,
    4.133972,
    4.355701,
    4.577429,
    4.799157,
    5.020885,
    5.242613,
    5.67081,
    6.099006,
    6.527203,
    6.9554,
    7.383597,
    7.811794,
    8.23999,
    8.668187,
    9.096384,
    9.524581,
    10.786134,
    12.047688,
    13.309242,
    14.570795,
    15.832349,
    17.093903,
    18.355456,
    19.61701,
    20.878564,
    22.140117,
    25.19852,
    28.256923,
    31.315326,
    34.37373,
    37.432132000569254,
    40.49053500103764,
    43.54893800080754,
    46.60734,
    49.66574400104582,
    52.72414700081572,
    56.95045,
    61.17675,
    65.40305,
    69.62935500056483,
    73.85566,
    78.08196,
    82.30826,
    86.53456,
    90.7608650017064,
    94.98717,
    100.28955,
    105.59194,
    110.89432400092483,
    116.19671,
    121.49909500055946,
    126.80148,
    132.1038670009002,
    137.4062530004885,
    142.70864,
    148.01102400012314,
    155.48743,
    163.24046700098552,
    171.28036400093697,
    179.61774,
    188.2636,
    197.22934700013138,
    206.52683300082572,
    216.16832599998452,
    226.16655400046147,
    236.53471600078046,
    247.2865,
    258.4361,
    269.9982370007783,
    281.98817200097255,
    294.42173400102183,
    307.31533900042996,
    320.686,
    334.5514,
    348.9298,
    363.8402
  ],
  "speed": [
    1,
    1,
    1,
    1,
    1,
    1,
    1,
    1,
    1,
    1,
    1,
    1,
    1,
    1,
    1,
    1,
    1,
    1,
    1,
    1,
    1,
    1,
    1,
    1,
    1,
    1,
    1,
    1,
    1,
    1,
    1,
    1,
    1,
    1,
    1,
    1,
    1,
    1,
    1,
    1,
    1,
    1,
    1,
    1,
    1,
    1,
    1,
    1,
    1,
    1,
    1,
    1,
    1,
    1,
    1,
    1,
    1,
    1,
    1,
    1,
    1,
    1,
    1,
    1,
    1,
    1.1,
    1.1,
    1.1,
    1.1,
    1.1,
    1.1,
    1.1,
    1.1,
    1.1,
    1.1,
    1.1,
    1.1,
    1.2,
    1.2,
    1.2,
    1.2,
    1.2,
    1.2,
    1.2,
    1.2,
    1.32,
    1.32,
    1.32,
    1.32,
    1.32,
    1.32,
    1.32,
    1.32,
    1.32,
    1.32,
    1.32,
    1.32,
    1.32,
    1.32,
    1.32
  ]
}